Time (s),T_min (C),T_max (C),T_ave (C),Thermal_Input_C,Sequence_ID,Case_No.
153.97,100.0,103.09,100.3,120.0,8,1
177.95321548821548,100.0,103.5816559175084,100.37537582010582,120.16835016835016,8,1
201.93643097643096,100.0,104.07331183501684,100.45075164021164,120.33670033670032,8,1
225.9196464646465,100.0,104.56496775252523,100.52612746031744,120.5050505050505,8,1
249.90286195286197,100.0,105.05662367003367,100.60150328042327,120.67340067340068,8,1
273.8860774410774,100.0,105.54827958754208,100.67687910052908,120.84175084175084,8,1
297.8692929292929,100.0,106.0399355050505,100.75504012987012,121.010101010101,8,1
321.85250841750843,100.0,106.53159142255892,100.8475468181818,121.17845117845118,8,1
345.8357239057239,100.0,107.02324734006731,100.9400535064935,121.34680134680136,8,1
369.8189393939394,100.0,107.51490325757575,101.0325601948052,121.51515151515152,8,1
393.8021548821549,100.0,108.00655917508418,101.12506688311689,121.68350168350167,8,1
417.7853703703704,100.0,108.4982150925926,101.21757357142856,121.85185185185186,8,1
441.7685858585859,100.0005199057239,108.99065086868688,101.3153535892256,122.02020202020203,8,1
465.75180134680136,100.00211878675644,109.4847051077441,101.42407749943884,122.1885521885522,8,1
489.7350168350168,100.003717667789,109.97875934680134,101.53280140965208,122.35690235690237,8,1
513.7182323232323,100.00531654882155,110.4728135858586,101.64152531986532,122.52525252525254,8,1
537.7014478114478,100.0069154298541,110.96686782491582,101.75024923007857,122.6936026936027,8,1
561.6846632996633,100.00851431088664,111.46092206397306,101.8589731402918,122.86195286195289,8,1
585.6678787878787,100.01036383116885,111.9549277922078,101.96836811688313,123.03030303030305,8,1
609.6510942760943,100.0155030916306,112.4482967965368,102.0865711075036,123.1986531986532,8,1
633.6343097643098,100.02064235209237,112.9416658008658,102.20477409812408,123.36700336700336,8,1
657.6175252525253,100.02578161255413,113.4350348051948,102.3229770887446,123.53535353535354,8,1
681.6007407407408,100.03092087301587,113.9284038095238,102.44118007936508,123.7037037037037,8,1
705.5839562289563,100.03606013347763,114.4217728138528,102.55938306998556,123.87205387205388,8,1
729.5671717171717,100.04223886868688,114.91567488215487,102.68022472727272,124.04040404040404,8,1
753.5503872053872,100.05183215488216,115.41132800224467,102.80973409090907,124.2087542087542,8,1
777.5336026936027,100.06142544107745,115.90698112233446,102.93924345454546,124.37710437710436,8,1
801.5168181818183,100.07101872727272,116.40263424242424,103.06875281818182,124.54545454545456,8,1
825.5000336700338,100.080612013468,116.89828736251404,103.19826218181818,124.7138047138047,8,1
849.4832491582492,100.0902052996633,117.39394048260382,103.32777154545454,124.88215488215488,8,1
873.4664646464647,100.09979858585858,117.8895936026936,103.4572809090909,125.05050505050504,8,1
897.4496801346802,100.11341408563004,118.38290708268144,103.59581761700414,125.21885521885524,8,1
921.4328956228956,100.12711584410364,118.87617038773077,103.73454792154928,125.38720538720538,8,1
945.4161111111111,100.14081760257724,119.36943369278012,103.8732782260944,125.55555555555556,8,1
969.3993265993266,100.15451936105082,119.86269699782947,104.01200853063952,125.72390572390572,8,1
993.382542087542,100.16822111952442,120.35596030287884,104.15073883518468,125.8922558922559,8,1
1017.3657575757576,100.18312534632037,120.84947885281386,104.29067536796536,126.06060606060606,8,1
1041.348973063973,100.20539547498798,121.34456094396344,104.43800083453584,126.22895622895624,8,1
1065.3321885521889,100.2276656036556,121.83964303511304,104.58532630110628,126.3973063973064,8,1
1089.315404040404,100.24993573232324,122.33472512626264,104.73265176767676,126.56565656565655,8,1
1113.2986195286196,100.27220586099088,122.82980721741222,104.87997723424724,126.73400673400673,8,1
1137.281835016835,100.2944759896585,123.3248893085618,105.0273027008177,126.9023569023569,8,1
1161.2650505050506,100.31871806060606,123.82014437710438,105.17698065993264,127.07070707070706,8,1
1185.2482659932662,100.34749791919192,124.31579749719415,105.33207212008978,127.23905723905725,8,1
1209.2314814814815,100.37627777777776,124.81145061728397,105.48716358024691,127.4074074074074,8,1
1233.2146969696971,100.40505763636364,125.30710373737374,105.64225504040404,127.57575757575758,8,1
1257.1979124579125,100.43383749494949,125.80275685746352,105.79734650056116,127.74410774410777,8,1
1281.181127946128,100.46261735353536,126.2984099775533,105.95243796071829,127.91245791245792,8,1
1305.1643434343434,100.4917465151515,126.79403537518036,106.1079009018759,128.08080808080808,8,1
1329.147558922559,100.52772133838384,127.28911746632996,106.27064414983164,128.24915824915826,8,1
1353.1307744107744,100.56369616161616,127.78419955747955,106.4333873977874,128.41750841750843,8,1
1377.11398989899,100.59967098484849,128.27928164862914,106.59613064574314,128.5858585858586,8,1
1401.0972053872051,100.6356458080808,128.77436373977872,106.75887389369888,128.75420875420875,8,1
1425.080420875421,100.67162063131312,129.26944583092833,106.92161714165464,128.92255892255892,8,1
1449.0636363636363,100.7097896969697,129.7646484848485,107.08578303030303,129.0909090909091,8,1
1473.046851851852,100.7561572469136,130.26030160493826,107.25526441975308,129.25925925925927,8,1
1497.0300673400675,100.80252479685748,130.75595472502806,107.42474580920316,129.4276094276094,8,1
1521.0132828282829,100.84889234680136,131.25160784511783,107.5942271986532,129.59595959595958,8,1
1544.9964983164984,100.89525989674524,131.74726096520763,107.76370858810326,129.76430976430976,8,1
1568.9797138047138,100.94162744668913,132.2429140852974,107.93318997755333,129.93265993265993,8,1
1592.9629292929294,100.987994996633,132.7385672053872,108.10267136700335,130.1010101010101,8,1
1616.9461447811448,101.04080932058682,133.2336739886965,108.28045707551708,130.26936026936028,8,1
1640.9293602693604,101.093915012025,133.72875607984608,108.4586181048581,130.43771043771042,8,1
1664.9125757575755,101.1470207034632,134.22383817099566,108.63677913419912,130.6060606060606,8,1
1688.895791245791,101.2001263949014,134.71892026214528,108.81494016354016,130.77441077441077,8,1
1712.879006734007,101.25323208633958,135.21400235329486,108.9931011928812,130.94276094276094,8,1
1736.8622222222225,101.30736,135.70908444444444,109.17187555555556,131.11111111111111,8,1
1760.845437710438,101.36903112554111,136.20416653559406,109.35517584535836,131.2794612794613,8,1
1784.8286531986532,101.43070225108224,136.69924862674364,109.53847613516112,131.44781144781146,8,1
1808.8118686868688,101.49237337662338,137.19433071789322,109.72177642496392,131.6161616161616,8,1
1832.795084175084,101.5540445021645,137.6894128090428,109.90507671476672,131.78451178451178,8,1
1856.7782996633,101.61571562770564,138.1844949001924,110.08837700456952,131.95286195286195,8,1
1880.7615151515151,101.679383010101,138.67973797979798,110.27364135353535,132.12121212121212,8,1
1904.7447306397307,101.74813489450057,139.17539109988775,110.46390819640852,132.28956228956227,8,1
1928.727946127946,101.81688677890013,139.67104421997757,110.65417503928172,132.45791245791244,8,1
1952.7111616161617,101.88563866329966,140.16669734006734,110.84444188215488,132.62626262626262,8,1
1976.6943771043773,101.95439054769922,140.6623504601571,111.03470872502804,132.7946127946128,8,1
2000.6775925925929,102.02314243209877,141.1580035802469,111.22497556790124,132.96296296296296,8,1
2024.660808080808,102.09217122655124,141.65368816738817,111.41542806637808,133.1313131313131,8,1
2048.6440235690234,102.17097322029822,142.15048334535834,111.61243305074557,133.29966329966328,8,1
2072.627239057239,102.2497752140452,142.6472785233285,111.80943803511305,133.46801346801345,8,1
2096.6104545454546,102.3285772077922,143.14407370129868,112.00644301948051,133.63636363636363,8,1
2120.59367003367,102.4073792015392,143.64086887926888,112.203448003848,133.8047138047138,8,1
2144.5768855218853,102.4861811952862,144.13766405723905,112.40045298821548,133.97306397306397,8,1
2168.560101010101,102.56641636363636,144.63424208754208,112.59739282828284,134.14141414141417,8,1
2192.5433164983165,102.65275593939394,145.12989520763188,112.7940551952862,134.30976430976432,8,1
2216.526531986532,102.73909551515152,145.62554832772165,112.99071756228956,134.47811447811446,8,1
2240.509747474747,102.8254350909091,146.12120144781144,113.18737992929292,134.64646464646464,8,1
2264.492962962963,102.91177466666667,146.6168545679012,113.3840422962963,134.8148148148148,8,1
2288.4761784511784,102.99811424242424,147.112507687991,113.58070466329968,134.98316498316498,8,1
2312.459393939394,103.08445381818184,147.60816080808078,113.77736703030304,135.15151515151516,8,1
2336.442609427609,103.1781673941799,148.1048826238576,113.98076218013468,135.3198653198653,8,1
2360.4258249158247,103.27238716931215,148.60167780182778,114.18461951178452,135.48821548821547,8,1
2384.4090404040403,103.36660694444444,149.09847297979798,114.38847684343436,135.65656565656565,8,1
2408.392255892256,103.46082671957672,149.59526815776815,114.59233417508418,135.82491582491582,8,1
2432.375471380471,103.555046494709,150.09206333573832,114.796191506734,135.99326599326596,8,1
2456.3586868686866,103.64994018037518,150.58869003607504,115.00072274891777,136.16161616161614,8,1
2480.341902356902,103.7510123027898,151.08377212722462,115.21143242784991,136.3299663299663,8,1
2504.325117845118,103.85208442520442,151.5788542183742,115.4221421067821,136.49831649831648,8,1
2528.3083333333334,103.95315654761905,152.07393630952382,115.63285178571428,136.66666666666666,8,1
2552.2915488215485,104.05422867003368,152.5690184006734,115.84356146464646,136.83501683501683,8,1
2576.274764309764,104.1553007924483,153.06410049182298,116.05427114357865,137.003367003367,8,1
2600.25797979798,104.25878670707073,153.55933158249158,116.2663218181818,137.17171717171718,8,1
2624.2411952861958,104.3691094983165,154.05498470258138,116.48217075757576,137.34006734006735,8,1
2648.2244107744104,104.4794322895623,154.55063782267115,116.6980196969697,137.5084175084175,8,1
2672.207626262626,104.58975508080808,155.04629094276095,116.91386863636365,137.67676767676767,8,1
2696.1908417508416,104.70007787205388,155.54194406285072,117.12971757575755,137.84511784511784,8,1
2720.174057239057,104.81040066329966,156.03759718294052,117.34556651515152,138.013468013468,8,1
2744.157272727273,104.92076389610388,156.5332577922078,117.5614603896104,138.1818181818182,8,1
2768.140488215488,105.0372537999038,157.03005297017796,117.78416167628669,138.35016835016836,8,1
2792.1237037037035,105.1537437037037,157.52684814814816,118.00686296296296,138.51851851851853,8,1
2816.106919191919,105.2702336075036,158.02364332611833,118.22956424963924,138.6868686868687,8,1
2840.0901346801347,105.38672351130352,158.5204385040885,118.45226553631554,138.85521885521885,8,1
2864.07335016835,105.5032134151034,159.01723368205867,118.67496682299182,139.02356902356902,8,1
2888.056565656565,105.62082370370368,159.51383569023568,118.8986725925926,139.1919191919192,8,1
2912.039781144781,105.74393754320988,160.00948881032548,119.12731258024692,139.36026936026937,8,1
2936.0229966329966,105.86705138271604,160.50514193041528,119.35595256790124,139.52861952861952,8,1
2960.006212121212,105.99016522222222,161.00079505050505,119.58459255555556,139.6969696969697,8,1
2983.989427609428,106.1132790617284,161.49644817059485,119.81323254320988,139.86531986531986,8,1
3007.972643097643,106.23639290123457,161.99210129068462,120.0418725308642,140.03367003367003,8,1
3031.9558585858586,106.35950674074074,162.4877544107744,120.27051251851852,140.2020202020202,8,1
3055.939074074074,106.48909783068784,162.98445224867726,120.50312243386244,140.37037037037038,8,1
3079.9222895622893,106.61929242905244,163.48124742664743,120.73610224146223,140.53872053872053,8,1
3103.905505050505,106.74948702741705,163.9780426046176,120.96908204906204,140.7070707070707,8,1
3127.8887205387205,106.87968162578164,164.4748377825878,121.20206185666186,140.87542087542087,8,1
3151.871936026936,107.00987622414624,164.97163296055797,121.43504166426168,141.04377104377105,8,1
3175.855151515151,107.14073337662336,165.46842813852814,121.66855151515152,141.21212121212122,8,1
3199.838367003367,107.2794934090909,165.9652233164983,121.90838367003369,141.3804713804714,8,1
3223.8215824915824,107.41825344155843,166.4620184944685,122.14821582491582,141.54882154882156,8,1
3247.804797979798,107.55701347402596,166.95881367243868,122.38804797979796,141.7171717171717,8,1
3271.7880134680136,107.69577350649352,167.45560885040885,122.62788013468014,141.88552188552188,8,1
3295.7712289562287,107.83453353896104,167.95240402837902,122.86771228956228,142.05387205387206,8,1
3319.7544444444443,107.97452666666666,168.4489251851852,123.1083117037037,142.22222222222223,8,1
3343.73765993266,108.11842595959595,168.94457830527497,123.35134162065096,142.39057239057237,8,1
3367.7208754208755,108.26232525252526,169.44023142536477,123.5943715375982,142.55892255892255,8,1
3391.7040909090906,108.40622454545456,169.93588454545454,123.83740145454544,142.72727272727272,8,1
3415.687306397306,108.55012383838384,170.43153766554434,124.0804313714927,142.8956228956229,8,1
3439.670521885522,108.69402313131312,170.92719078563414,124.32346128843994,143.06397306397307,8,1
3463.6537373737374,108.83792242424242,171.4228439057239,124.5664912053872,143.2323232323232,8,1
3487.636952861953,108.990263486051,171.9196225949976,124.81649965127464,143.40067340067338,8,1
3511.620168350168,109.14272821308322,172.41641777296778,125.06661032708033,143.56902356902356,8,1
3535.603383838384,109.29519294011544,172.91321295093795,125.316721002886,143.73737373737373,8,1
3559.5865993265998,109.44765766714768,173.41000812890815,125.56683167869168,143.9057239057239,8,1
3583.569814814815,109.6001223941799,173.90680330687832,125.81694235449736,144.07407407407408,8,1
3607.55303030303,109.75345,174.4034292929293,126.06766212121212,144.24242424242425,8,1
3631.5362457912456,109.91173922222222,174.8990824130191,126.3218842053872,144.41077441077442,8,1
3655.519461279461,110.07002844444445,175.39473553310887,126.57610628956228,144.57912457912457,8,1
3679.502676767677,110.22831766666668,175.89038865319867,126.83032837373736,144.74747474747474,8,1
3703.485892255892,110.38660688888888,176.38604177328844,127.08455045791246,144.9158249158249,8,1
3727.469107744108,110.54489611111111,176.88169489337824,127.33877254208754,145.0841750841751,8,1
3751.452323232323,110.70318533333334,177.377348013468,127.59299462626262,145.25252525252526,8,1
3775.4355387205383,110.86698655122656,177.87402187349687,127.8511975962001,145.4208754208754,8,1
3799.4187542087534,111.03144288600288,178.37081705146707,128.10987370610871,145.58922558922558,8,1
3823.4019696969694,111.19589922077922,178.86761222943724,128.36854981601732,145.75757575757575,8,1
3847.385185185185,111.36035555555556,179.3644074074074,128.62722592592593,145.92592592592592,8,1
3871.3684006734006,111.52481189033188,179.86120258537758,128.88590203583453,146.0942760942761,8,1
3895.351616161616,111.68975094516595,180.35799776334775,129.14486777777776,146.26262626262627,8,1
3919.334831649832,111.86277271404522,180.85479294131795,129.40868314814813,146.43097643097644,8,1
3943.318047138047,112.03579448292447,181.35158811928807,129.67249851851852,146.59932659932662,8,1
3967.301262626263,112.20881625180375,181.8483832972583,129.9363138888889,146.76767676767676,8,1
3991.284478114478,112.38183802068302,182.3451784752285,130.20012925925926,146.93602693602693,8,1
4015.2676936026937,112.55485978956229,182.84197365319864,130.46394462962962,147.1043771043771,8,1
4039.250909090909,112.72885672727271,183.3388688484848,130.72881018181818,147.27272727272725,8,1
4063.234124579125,112.90633252188552,183.8361208496072,130.9974221952862,147.44107744107745,8,1
4087.21734006734,113.08380831649832,184.33337285072952,131.2660342087542,147.6094276094276,8,1
4111.200555555556,113.26128411111112,184.8306248518519,131.53464622222222,147.77777777777777,8,1
4135.183771043771,113.4387599057239,185.32787685297416,131.80325823569024,147.94612794612794,8,1
4159.166986531986,113.6162357003367,185.8251288540965,132.07187024915825,148.1144781144781,8,1
4183.150202020202,113.79371149494948,186.32238085521885,132.34048226262627,148.28282828282826,8,1
4207.133417508418,113.9784577922078,186.81919221981724,132.61272952741703,148.45117845117844,8,1
4231.116632996633,114.16347116883117,187.3159873977874,132.88511033189033,148.6195286195286,8,1
4255.099848484849,114.34848454545454,187.8127825757576,133.15749113636363,148.78787878787878,8,1
4279.083063973065,114.53349792207791,188.30957775372775,133.42987194083696,148.95622895622895,8,1
4303.06627946128,114.7185112987013,188.80637293169795,133.70225274531026,149.12457912457913,8,1
4327.049494949495,114.90378606060604,189.3034294949495,133.97395104377105,149.2929292929293,8,1
4351.032710437711,115.09085514141414,189.8022803771044,134.24096417620652,149.46127946127947,8,1
4375.015925925926,115.27792422222224,190.30113125925928,134.50797730864198,149.62962962962962,8,1
4398.999141414141,115.4649933030303,190.79998214141412,134.77499044107745,149.7979797979798,8,1
4422.982356902357,115.65206238383838,191.29883302356905,135.04200357351291,149.96632996632997,8,1
4446.965572390573,115.83913146464646,191.79768390572391,135.30901670594838,150.13468013468014,8,1
4470.948787878789,116.02620054545454,192.2965347878788,135.57602983838385,150.3030303030303,8,1
4494.932003367004,116.21745602693603,192.7935914983165,135.84772775252526,150.47138047138046,8,1
4518.915218855219,116.40932175084176,193.2903866762867,136.12010855699856,150.63973063973063,8,1
4542.898434343435,116.60118747474748,193.7871818542569,136.39248936147186,150.8080808080808,8,1
4566.88164983165,116.7930531986532,194.28397703222703,136.66487016594516,150.97643097643098,8,1
4590.864865319866,116.98491892255892,194.78077221019723,136.93725097041846,151.14478114478112,8,1
4614.848080808081,117.17696637806638,195.2775673881674,137.20975292929293,151.3131313131313,8,1
4638.831296296296,117.37397136243386,195.7743625661376,137.4855599074074,151.48148148148147,8,1
4662.814511784512,117.57097634680134,196.2711577441077,137.76136688552188,151.64983164983164,8,1
4686.797727272728,117.76798133116884,196.7679529220779,138.03717386363635,151.8181818181818,8,1
4710.780942760943,117.96498631553632,197.26474810004808,138.31298084175083,151.986531986532,8,1
4734.764158249159,118.1619912999038,197.76154327801828,138.58878781986533,152.15488215488216,8,1
4758.747373737374,118.35987793939394,198.25842888215487,138.86570251851853,152.32323232323233,8,1
4782.73058922559,118.56133694949494,198.7556808832772,139.14710558024692,152.49158249158248,8,1
4806.713804713805,118.76279595959596,199.2529328843996,139.4285086419753,152.65993265993265,8,1
4830.69702020202,118.96425496969697,199.7501848855219,139.7099117037037,152.82828282828282,8,1
4854.680235690236,119.165713979798,200.24743688664424,139.9913147654321,152.996632996633,8,1
4878.663451178451,119.367172989899,200.74468888776656,140.27271782716048,153.16498316498317,8,1
4902.646666666667,119.568632,201.2419408888889,140.5541208888889,153.33333333333331,8,1
4926.629882154883,119.77558683862432,201.73876184463683,140.83994216570466,153.5016835016835,8,1
4950.613097643098,119.98287034391537,202.23555702260705,141.12602766474265,153.67003367003366,8,1
4974.596313131314,120.19015384920635,202.7323522005772,141.41211316378067,153.83838383838383,8,1
4998.579528619529,120.39743735449736,203.22914737854737,141.69819866281867,154.006734006734,8,1
5022.562744107745,120.60472085978836,203.7259425565176,141.9842841618567,154.17508417508418,8,1
5046.54595959596,120.81240444444444,204.22278622895624,142.270890976431,154.34343434343435,8,1
5070.529175084175,121.02345674074074,204.72003823007856,142.56188732435467,154.51178451178453,8,1
5094.512390572391,121.23450903703704,205.2172902312009,142.85288367227835,154.6801346801347,8,1
5118.495606060606,121.44556133333334,205.71454223232325,143.14388002020203,154.84848484848484,8,1
5142.4788215488215,121.65661362962965,206.2117942334456,143.4348763681257,155.01683501683502,8,1
5166.462037037038,121.86766592592592,206.70904623456792,143.7258727160494,155.1851851851852,8,1
5190.445252525253,122.07871822222222,207.20629823569024,144.01686906397308,155.35353535353536,8,1
5214.428468013469,122.2953153884079,207.7031611231361,144.31097832130834,155.5218855218855,8,1
5238.411683501684,122.51287741462242,208.1999563011063,144.60562925444927,155.69023569023568,8,1
5262.394898989899,122.73043944083692,208.69675147907648,144.9002801875902,155.85858585858583,8,1
5286.378114478115,122.94800146705148,209.19354665704668,145.19493112073113,156.02693602693603,8,1
5310.36132996633,123.165563493266,209.69034183501685,145.48958205387206,156.19528619528617,8,1
5334.344545454546,123.38319935064936,210.18713701298705,145.78428220779222,156.36363636363637,8,1
5358.327760942761,123.60590063732565,210.6839321909572,146.08235931457432,156.53198653198652,8,1
5382.310976430977,123.82860192400192,211.1807273689274,146.38043642135642,156.7003367003367,8,1
5406.294191919193,124.0513032106782,211.6775225468976,146.67851352813855,156.86868686868686,8,1
5430.277407407408,124.2740044973545,212.17431772486773,146.97659063492063,157.03703703703704,8,1
5454.260622895623,124.4967057840308,212.6711129028379,147.27466774170276,157.2053872053872,8,1
5478.243838383839,124.72017500336702,213.1679889158249,147.57347236363637,157.37373737373738,8,1
5502.227053872054,124.9472161099888,213.66524091694723,147.8756608787879,157.54208754208753,8,1
5526.21026936027,125.17425721661056,214.1624929180696,148.1778493939394,157.7104377104377,8,1
5550.193484848485,125.40129832323233,214.65974491919192,148.48003790909092,157.87878787878788,8,1
5574.1767003367,125.6283394298541,215.15699692031427,148.78222642424242,158.04713804713805,8,1
5598.159915824916,125.85538053647588,215.6542489214366,149.08441493939395,158.21548821548822,8,1
5622.143131313132,126.08242164309765,216.1515009225589,149.38660345454545,158.38383838383837,8,1
5646.126346801348,126.3133612012987,216.64833146945648,149.69290114838864,158.55218855218854,8,1
5670.109562289563,126.54462792207792,217.14512664742665,149.99954368927368,158.7205387205387,8,1
5694.092777777778,126.77589464285714,217.6419218253968,150.30618623015872,158.88888888888889,8,1
5718.075993265994,127.00716136363636,218.13871700336705,150.61282877104378,159.05723905723906,8,1
5742.059208754209,127.2384280844156,218.6355121813372,150.91947131192882,159.22558922558923,8,1
5766.042424242424,127.47028808080807,219.13234626262627,151.22641535353534,159.3939393939394,8,1
5790.02563973064,127.70852135465768,219.62959826374865,151.5365982738496,159.56228956228958,8,1
5814.008855218855,127.94675462850728,220.1268502648709,151.84678119416384,159.73063973063975,8,1
5837.992070707071,128.1849879023569,220.6241022659933,152.15696411447811,159.89898989898992,8,1
5861.975286195287,128.4232211762065,221.1213542671156,152.46714703479236,160.0673400673401,8,1
5885.958501683502,128.6614544500561,221.61860626823795,152.7773299551066,160.23569023569027,8,1
5909.941717171718,128.8996877239057,222.11585826936027,153.08751287542086,160.40404040404044,8,1
5933.924932659933,129.14067253607504,222.6127307479557,153.40044733405483,160.5723905723906,8,1
5957.908148148149,129.38221777777778,223.10952592592596,153.71394222222222,160.74074074074076,8,1
5981.891363636364,129.62376301948052,223.6063211038961,154.0274371103896,160.9090909090909,8,1
6005.874579124579,129.86530826118326,224.10311628186628,154.34093199855698,161.07744107744108,8,1
6029.857794612795,130.106853502886,224.59991145983648,154.6544268867244,161.24579124579125,8,1
6053.84101010101,130.34839874458874,225.09670663780665,154.96792177489178,161.4141414141414,8,1
6077.824225589226,130.5950491774892,225.59520354617607,155.28482012385763,161.58249158249157,8,1
6101.807441077442,130.8417336796537,226.0937118109668,155.6017411856662,161.75084175084174,8,1
6125.790656565657,131.08841818181818,226.5922200757576,155.91866224747474,161.91919191919192,8,1
6149.773872053873,131.33510268398268,227.09072834054837,156.2355833092833,162.0875420875421,8,1
6173.757087542088,131.58178718614718,227.5892366053391,156.55250437109186,162.25589225589226,8,1
6197.740303030303,131.82939785858585,228.08754894949493,156.87012006060604,162.4242424242424,8,1
6221.723518518519,132.0820210617284,228.58480095061728,157.19149514814816,162.59259259259258,8,1
6245.706734006734,132.33464426487092,229.08205295173963,157.51287023569023,162.76094276094275,8,1
6269.68994949495,132.5872674680135,229.579304952862,157.83424532323232,162.92929292929293,8,1
6293.673164983165,132.839890671156,230.0765569539843,158.15562041077442,163.0976430976431,8,1
6317.6563804713805,133.09251387429853,230.5738089551066,158.4769954983165,163.26599326599325,8,1
6341.639595959597,133.34513707744108,231.07106095622896,158.7983705858586,163.43434343434342,8,1
6365.622811447812,133.600128493266,231.5679010942761,159.12190795454546,163.6026936026936,8,1
6389.606026936028,133.85537842953346,232.0646962722463,159.4456813636364,163.77104377104376,8,1
6413.589242424243,134.1106283658009,232.5614914502165,159.76945477272727,163.93939393939394,8,1
6437.572457912458,134.36587830206832,233.05828662818664,160.09322818181818,164.1077441077441,8,1
6461.555673400674,134.62112823833576,233.55508180615684,160.4170015909091,164.27609427609428,8,1
6485.538888888889,134.87631222222225,234.0522140740741,160.74021074074074,164.44444444444446,8,1
6509.522104377104,135.13053430639732,234.55426271829407,161.05519030415263,164.61279461279463,8,1
6533.50531986532,135.3847563905724,235.05631136251404,161.37016986756453,164.78114478114475,8,1
6557.488535353536,135.6389784747475,235.558360006734,161.68514943097642,164.94949494949495,8,1
6581.471750841752,135.89320055892256,236.060408650954,162.00012899438835,165.11784511784512,8,1
6605.454966329967,136.14742264309763,236.562457295174,162.31510855780022,165.2861952861953,8,1
6629.438181818182,136.40164472727272,237.06450593939397,162.6300881212121,165.45454545454544,8,1
6653.421397306398,136.65669915704666,237.56230037277535,162.94525265031265,165.6228956228956,8,1
6677.404612794613,136.9119490933141,238.05909555074555,163.26046062530062,165.7912457912458,8,1
6701.387828282829,137.16719902958152,238.55589072871572,163.57566860028862,165.95959595959596,8,1
6725.371043771044,137.42244896584896,239.05268590668592,163.8908765752766,166.12794612794613,8,1
6749.354259259259,137.6776989021164,239.5494810846561,164.20608455026456,166.29629629629628,8,1
6773.337474747475,137.93294883838385,240.0462762626263,164.52129252525253,166.46464646464645,8,1
6797.320690235691,138.1915303018278,240.5430714405965,164.8414977910053,166.63299663299662,8,1
6821.303905723907,138.45020641173642,241.03986661856663,165.16184502645504,166.8013468013468,8,1
6845.287121212122,138.70888252164502,241.5366617965368,165.48219226190477,166.96969696969697,8,1
6869.270336700337,138.96755863155363,242.03345697450695,165.8025394973545,167.13804713804714,8,1
6893.253552188553,139.22623474146224,242.5302521524772,166.12288673280426,167.30639730639732,8,1
6917.236767676768,139.48538865993265,243.027108983165,166.44380425589227,167.4747474747475,8,1
6941.219983164983,139.74760514927047,243.5243609842873,166.76837710549944,167.64309764309763,8,1
6965.203198653199,140.00982163860832,244.0216129854097,167.09294995510663,167.8114478114478,8,1
6989.186414141414,140.27203812794613,244.518864986532,167.41752280471383,167.97979797979798,8,1
7013.16962962963,140.53425461728395,245.01611698765436,167.742095654321,168.14814814814815,8,1
7037.152845117846,140.79647110662177,245.51336898877665,168.06666850392818,168.31649831649833,8,1
7061.136060606061,141.0586875959596,246.010620989899,168.39124135353535,168.48484848484847,8,1
7085.119276094277,141.32532907647908,246.50897923881675,168.7181272667148,168.65319865319864,8,1
7109.102491582492,141.59257062049062,247.0074875036075,169.04532684944687,168.82154882154882,8,1
7133.085707070708,141.8598121645022,247.50599576839824,169.37252643217894,168.989898989899,8,1
7157.068922558923,142.12705370851373,248.00450403318905,169.69972601491102,169.15824915824916,8,1
7181.052138047138,142.39429525252527,248.50301229797975,170.0269255976431,169.32659932659934,8,1
7205.035353535354,142.661664983165,249.00146632996635,170.35435690235693,169.4949494949495,8,1
7229.018569023569,142.93187587766556,249.49871833108867,170.68692415712684,169.66329966329968,8,1
7253.001784511784,143.2020867721661,249.995970332211,171.01949141189675,169.83164983164983,8,1
7276.985000000001,143.4722976666667,250.4932223333333,171.35205866666666,170.0,8,1
7300.968215488216,143.74250856116723,250.99047433445568,171.68462592143658,170.16835016835017,8,1
7324.951430976432,144.0127194556678,251.48772633557803,172.01719317620652,170.33670033670035,8,1
7348.934646464647,144.28293035016836,251.98497833670035,172.34976043097643,170.50505050505052,8,1
7372.917861952862,144.55485286075037,252.481869997595,172.68349879148627,170.67340067340066,8,1
7396.901077441078,144.82723366522367,252.9786651755652,173.01755072150073,170.84175084175084,8,1
7420.884292929293,145.09961446969697,253.47546035353537,173.35160265151515,171.010101010101,8,1
7444.867508417509,145.3719952741703,253.9722555315056,173.6856545815296,171.17845117845118,8,1
7468.850723905724,145.6443760786436,254.4690507094757,174.01970651154403,171.34680134680133,8,1
7492.8339393939395,145.9167568831169,254.9658458874459,174.35375844155843,171.5151515151515,8,1
7516.817154882156,146.1940270779221,255.4642708621934,174.69106996512747,171.68350168350167,8,1
7540.800370370371,146.47154714285716,255.96277912698412,175.02854806878307,171.85185185185185,8,1
7564.783585858586,146.74906720779222,256.4612873917749,175.3660261724387,172.02020202020202,8,1
7588.766801346802,147.02658727272728,256.95979565656563,175.7035042760943,172.1885521885522,8,1
7612.750016835017,147.30410733766234,257.4583039213564,176.0409823797499,172.35690235690237,8,1
7636.733232323233,147.58206992592594,257.956669016835,176.3788118989899,172.52525252525254,8,1
7660.716447811448,147.86347298765435,258.4539210179573,176.71937355892257,172.69360269360268,8,1
7684.699663299663,148.14487604938273,258.95117301907965,177.05993521885523,172.86195286195286,8,1
7708.682878787879,148.4262791111111,259.448425020202,177.4004968787879,173.03030303030303,8,1
7732.666094276095,148.70768217283953,259.94567702132434,177.74105853872055,173.1986531986532,8,1
7756.649309764311,148.9890852345679,260.4429290224467,178.0816201986532,173.36700336700338,8,1
7780.632525252526,149.2704882962963,260.94018102356904,178.42218185858587,173.53535353535352,8,1
7804.615740740741,149.5544437830688,261.4385128968254,178.76598313492065,173.7037037037037,8,1
7828.598956228957,149.8388161952862,261.9370211616162,179.1103135858586,173.87205387205387,8,1
7852.582171717172,150.1231886075036,262.43552942640696,179.45464403679654,174.04040404040404,8,1
7876.565387205388,150.40756101972104,262.9340376911977,179.79897448773448,174.2087542087542,8,1
7900.548602693603,150.69193343193845,263.4325459559885,180.14330493867243,174.3771043771044,8,1
7924.531818181818,150.97641727272728,263.9310263636364,180.4876936363636,174.54545454545456,8,1
7948.515033670034,151.2658147396184,264.42827836475874,180.8346508204265,174.71380471380473,8,1
7972.49824915825,151.55521220650954,264.92553036588106,181.18160800448933,174.88215488215488,8,1
7996.481464646465,151.84460967340067,265.4227823670034,181.5285651885522,175.05050505050505,8,1
8020.464680134681,152.13400714029183,265.9200343681257,181.87552237261505,175.21885521885525,8,1
8044.447895622896,152.42340460718293,266.417286369248,182.2224795566779,175.3872053872054,8,1
8068.431111111112,152.7128020740741,266.91453837037034,182.5694367407408,175.55555555555557,8,1
8092.414326599327,153.00360253727754,267.4127549314574,182.91832304473303,175.72390572390572,8,1
8116.397542087542,153.2948272967773,267.91126319624817,183.2677927561328,175.8922558922559,8,1
8140.380757575758,153.58605205627703,268.409771461039,183.61726246753247,176.06060606060606,8,1
8164.363973063973,153.8772768157768,268.90827972582974,183.96673217893215,176.22895622895624,8,1
8188.347188552189,154.16850157527657,269.4067879906205,184.3162018903319,176.39730639730638,8,1
8212.330404040404,154.45972633477632,269.90529625541126,184.6656716017316,176.56565656565655,8,1
8236.313619528619,154.75573258417506,270.4022106902357,185.018328973064,176.73400673400673,8,1
8260.296835016836,155.0520966041366,270.89900586820585,185.37122485810488,176.9023569023569,8,1
8284.28005050505,155.34846062409812,271.395801046176,185.72412074314576,177.07070707070707,8,1
8308.263265993266,155.64482464405964,271.8925962241462,186.07701662818664,177.23905723905725,8,1
8332.246481481481,155.94118866402115,272.3893914021164,186.42991251322752,177.4074074074074,8,1
8356.229696969696,156.23794553535353,272.88637769696965,186.78299951515152,177.57575757575756,8,1
8380.212912457911,156.5385351694725,273.38522857912454,187.1379511043771,177.74410774410774,8,1
8404.196127946128,156.8391248035915,273.88407946127944,187.4929026936027,177.9124579124579,8,1
8428.179343434344,157.13971443771044,274.38293034343434,187.84785428282828,178.08080808080808,8,1
8452.162558922559,157.44030407182942,274.8817812255892,188.20280587205383,178.24915824915826,8,1
8476.145774410774,157.74089370594837,275.3806321077441,188.55775746127944,178.4175084175084,8,1
8500.128989898989,158.04148334006734,275.879482989899,188.91270905050504,178.58585858585857,8,1
8524.112205387204,158.34427573953823,276.3766099687349,189.27024649470897,178.75420875420875,8,1
8548.095420875421,158.64749210678212,276.8734051467051,189.62828164021164,178.92255892255892,8,1
8572.078636363636,158.950708474026,277.3702003246753,189.98631678571428,179.0909090909091,8,1
8596.061851851851,159.25392484126985,277.86699550264547,190.3443519312169,179.25925925925927,8,1
8620.045067340066,159.5571412085137,278.3637906806157,190.7023870767196,179.42760942760944,8,1
8644.028282828282,159.86034882154885,278.86059393939394,191.06040727272725,179.59595959595958,8,1
8668.011498316499,160.15614181257016,279.36424146464645,191.4057655757576,179.7643097643098,8,1
8691.994713804714,160.45193480359148,279.867888989899,191.7511238787879,179.93265993265996,8,1
8715.977929292929,160.7477277946128,280.3715365151515,192.09648218181815,180.1010101010101,8,1
8739.961144781144,161.04352078563412,280.875184040404,192.44184048484848,180.26936026936028,8,1
8763.94436026936,161.33931377665544,281.3788315656565,192.7871987878788,180.43771043771045,8,1
8787.927575757576,161.63510676767677,281.8824790909091,193.1325570909091,180.60606060606065,8,1
8811.910791245791,161.9313262061087,282.38100924723426,193.47842713083213,180.7744107744108,8,1
8835.894006734006,162.22769022607022,282.87780442520443,193.82447066859064,180.94276094276097,8,1
8859.877222222221,162.52405424603174,283.3745996031746,194.1705142063492,181.11111111111111,8,1
8883.860437710437,162.82041826599325,283.8713947811448,194.51655774410773,181.2794612794613,8,1
8907.843653198654,163.1167822859548,284.368189959115,194.8626012818663,181.44781144781143,8,1
8931.826868686869,163.4131463059163,284.8649851370852,195.2086448196248,181.6161616161616,8,1
8955.810084175084,163.71262605218854,285.3633381782107,195.55624622053872,181.78451178451175,8,1
8979.793299663299,164.01241624579123,285.86184644300147,195.90400284511784,181.95286195286195,8,1
9003.776515151514,164.31220643939392,286.36035470779217,196.25175946969696,182.1212121212121,8,1
9027.759730639733,164.61199663299664,286.858862972583,196.5995160942761,182.2895622895623,8,1
9051.742946127946,164.91178682659933,287.35737123737374,196.94727271885523,182.45791245791247,8,1
9075.72616161616,165.21174963636363,287.85578908417506,197.29543211447813,182.62626262626264,8,1
9099.709377104376,165.5139381515151,288.3530410852974,197.6487848226712,182.7946127946128,8,1
9123.692592592592,165.81612666666666,288.8502930864197,198.0021375308642,182.96296296296296,8,1
9147.675808080809,166.1183151818182,289.3475450875421,198.35549023905725,183.13131313131316,8,1
9171.659023569024,166.42050369696972,289.84479708866445,198.70884294725028,183.2996632996633,8,1
9195.64223905724,166.72269221212122,290.3420490897868,199.0621956554433,183.46801346801345,8,1
9219.625454545454,167.02488072727274,290.8393010909091,199.41554836363636,183.63636363636363,8,1
9243.60867003367,167.32790961399712,291.3375802128427,199.76992819264063,183.8047138047138,8,1
9267.591885521884,167.63112598124098,291.83608847763344,200.12453716450213,183.973063973064,8,1
9291.5751010101,167.93434234848485,292.33459674242425,200.47914613636365,184.14141414141412,8,1
9315.558316498316,168.2375587157287,292.833105007215,200.83375510822512,184.30976430976432,8,1
9339.541531986531,168.54077508297257,293.33161327200577,201.1883640800866,184.4781144781145,8,1
9363.524747474748,168.84399145021644,293.83012153679647,201.54297305194805,184.64646464646464,8,1
9387.507962962962,169.1509019259259,294.32739843209873,201.9010522469136,184.8148148148148,8,1
9411.49117845118,169.4578870841751,294.8246504332211,202.25920159820427,184.98316498316495,8,1
9435.474393939394,169.76487224242425,295.32190243434343,202.61735094949492,185.1515151515152,8,1
9459.457609427607,170.0718574006734,295.81915443546575,202.97550030078563,185.3198653198653,8,1
9483.440824915824,170.37884255892254,296.31640643658807,203.3336496520763,185.48821548821547,8,1
9507.42404040404,170.68582771717172,296.8136584377104,203.69179900336695,185.6565656565656,8,1
9531.407255892256,170.99505095117846,297.3118222474748,204.0523522138047,185.8249158249158,8,1
9555.390471380471,171.30511966570467,297.8103305122655,204.41381353294847,185.993265993266,8,1
9579.373686868686,171.61518838023088,298.3088387770563,204.77527485209237,186.1616161616161,8,1
9603.356902356902,171.9252570947571,298.80734704184704,205.13673617123612,186.32996632996628,8,1
9627.340117845117,172.2353258092833,299.3058553066378,205.49819749038,186.49831649831648,8,1
9651.323333333334,172.5453945238095,299.8043635714286,205.8596588095238,186.66666666666663,8,1
9675.306548821549,172.85850703102454,300.30134993987497,206.222642025012,186.8350168350168,8,1
9699.289764309764,173.17200191919193,300.79814511784514,206.5858164309764,187.00336700336695,8,1
9723.27297979798,173.4854968073593,301.2949402958153,206.9489908369408,187.17171717171712,8,1
9747.256195286194,173.7989916955267,301.7917354737855,207.3121652429052,187.3400673400673,8,1
9771.239410774411,174.11248658369408,302.28853065175565,207.67533964886965,187.5084175084175,8,1
9795.222626262626,174.42613866666667,302.7854306262626,208.03858391919192,187.67676767676764,8,1
9819.205841750842,174.7427171111111,303.2842815084175,208.4031287946128,187.8451178451178,8,1
9843.189057239057,175.05929555555554,303.78313239057235,208.76767367003367,188.013468013468,8,1
9867.172272727272,175.37587399999998,304.28198327272725,209.13221854545452,188.18181818181816,8,1
9891.155488215489,175.69245244444443,304.78083415488214,209.49676342087545,188.35016835016836,8,1
9915.138703703704,176.00903088888887,305.27968503703704,209.8613082962963,188.5185185185185,8,1
9939.12191919192,176.32560933333332,305.77853591919194,210.2258531717172,188.68686868686868,8,1
9963.105134680134,176.64382536075036,306.27711387085134,210.5934002825878,188.85521885521885,8,1
9987.08835016835,176.9624595093795,306.7756221356421,210.96171394901396,189.023569023569,8,1
10011.071565656564,177.28109365800864,307.2741304004329,211.3300276154401,189.1919191919192,8,1
10035.05478114478,177.59972780663782,307.77263866522367,211.69834128186628,189.3602693602693,8,1
10059.037996632997,177.91836195526696,308.2711469300144,212.06665494829244,189.52861952861952,8,1
10083.021212121212,178.2369961038961,308.7696551948052,212.4349686147186,189.6969696969697,8,1
10107.004427609429,178.55825932996632,309.2669584657688,212.80580181369243,189.86531986531983,8,1
10130.987643097642,178.8796344175084,309.76421046689114,213.17674221324356,190.03367003367,8,1
10154.97085858586,179.2010095050505,310.26146246801346,213.5476826127946,190.2020202020202,8,1
10178.954074074074,179.52238459259257,310.7587144691358,213.91862301234568,190.37037037037035,8,1
10202.93728956229,179.84375968013467,311.2559664702581,214.28956341189675,190.53872053872053,8,1
10226.920505050504,180.1651347676768,311.7532184713804,214.6605038114478,190.7070707070707,8,1
10250.90372053872,180.4894076358826,312.25135590548336,215.0332150769601,190.87542087542087,8,1
10274.886936026936,180.8148941317941,312.7498641702742,215.406668003848,191.04377104377105,8,1
10298.870151515152,181.1403806277056,313.24837243506494,215.78012093073596,191.2121212121212,8,1
10322.853367003368,181.4658671236171,313.7468806998557,216.15357385762383,191.38047138047136,8,1
10346.836582491582,181.7913536195286,314.24538896464645,216.52702678451175,191.54882154882156,8,1
10370.819797979795,182.11684011544008,314.7438972294372,216.9004797113997,191.7171717171717,8,1
10394.803013468014,182.44381254088503,315.242405494228,217.27541856782105,191.88552188552188,8,1
10418.786228956227,182.7710121236171,315.7409137590188,217.6505845815296,192.05387205387208,8,1
10442.769444444444,183.0982117063492,316.23942202380954,218.0257505952381,192.22222222222223,8,1
10466.75265993266,183.42541128908127,316.7379302886003,218.40091660894657,192.3905723905724,8,1
10490.735875420874,183.75261087181332,317.23643855339105,218.77608262265508,192.55892255892252,8,1
10514.719090909091,184.07992345454545,317.7349091515152,219.15126575757571,192.72727272727272,8,1
10538.702306397308,184.4108918282828,318.2321611526375,219.5270028002245,192.8956228956229,8,1
10562.685521885522,184.74186020202015,318.7294131537598,219.9027398428732,193.06397306397307,8,1
10586.668737373737,185.0728285757576,319.22666515488214,220.27847688552188,193.23232323232324,8,1
10610.651952861952,185.40379694949493,319.72391715600446,220.65421392817055,193.40067340067336,8,1
10634.635168350169,185.7347653232323,320.2211691571268,221.0299509708193,193.5690235690236,8,1
10658.618383838384,186.0657336969697,320.7184211582492,221.405688013468,193.73737373737373,8,1
10682.6015993266,186.39776501924,321.21664752886,221.78496821789324,193.9057239057239,8,1
10706.584814814814,186.73010386243385,321.71515579365075,222.1652734920635,194.07407407407405,8,1
10730.56803030303,187.0624427056277,322.2136640584415,222.54557876623377,194.24242424242425,8,1
10754.551245791245,187.39478154882156,322.7121723232323,222.92588404040404,194.4107744107744,8,1
10778.534461279462,187.7271203920154,323.2106805880231,223.30618931457437,194.57912457912457,8,1
10802.517676767677,188.05945923520923,323.70918885281384,223.6864945887446,194.74747474747477,8,1
10826.500892255892,188.38601213468013,324.2125187373737,224.055013681257,194.9158249158249,8,1
10850.484107744109,188.71218386531987,324.71616626262625,224.42275631874296,195.0841750841751,8,1
10874.467323232322,189.0383555959596,325.2198137878788,224.79049895622893,195.2525252525253,8,1
10898.45053872054,189.36452732659933,325.72346131313134,225.15824159371493,195.42087542087543,8,1
10922.433754208754,189.69069905723907,326.22710883838386,225.52598423120088,195.5892255892256,8,1
10946.41696969697,190.0168707878788,326.7307563636363,225.89372686868683,195.75757575757575,8,1
10970.400185185184,190.34023105820103,327.23088956349204,226.25951710317457,195.92592592592595,8,1
10994.3834006734,190.66229138047137,327.7293978282828,226.6244045959596,196.09427609427613,8,1
11018.366616161617,190.9843517027417,328.2279060930736,226.98929208874455,196.2626262626263,8,1
11042.349831649832,191.30641202501204,328.7264143578644,227.3541795815296,196.43097643097644,8,1
11066.333047138049,191.62847234728235,329.2249226226552,227.71906707431452,196.59932659932664,8,1
11090.316262626262,191.95053266955267,329.7234308874459,228.08395456709957,196.7676767676768,8,1
11114.299478114475,192.27404295454545,330.22193915223664,228.45174198532945,196.93602693602696,8,1
11138.282693602694,192.59781636363635,330.7204474170274,228.82005565175564,197.10437710437716,8,1
11162.26590909091,192.9215897727273,331.21895568181816,229.1883693181818,197.2727272727273,8,1
11186.249124579124,193.24536318181816,331.7174639466089,229.556682984608,197.44107744107745,8,1
11210.23234006734,193.56913659090907,332.2159722113997,229.9249966510341,197.60942760942763,8,1
11234.215555555556,193.8929459259259,332.7144691851851,230.2933339259259,197.7777777777778,8,1
11258.198771043772,194.2207165375982,333.2117211863075,230.664274325477,197.946127946128,8,1
11282.181986531989,194.54848714927047,333.7089731874298,231.03521472502808,198.11447811447812,8,1
11306.165202020202,194.8762577609428,334.2062251885522,231.40615512457916,198.28282828282832,8,1
11330.148417508415,195.20402837261503,334.7034771896745,231.77709552413015,198.4511784511785,8,1
11354.131632996632,195.5317989842873,335.20072919079684,232.14803592368125,198.61952861952864,8,1
11378.114848484847,195.8595695959596,335.69798119191915,232.51897632323232,198.7878787878788,8,1
11402.098063973064,196.18820202020203,336.19618118686867,232.89181271043773,198.95622895622895,8,1
11426.08127946128,196.5171146897547,336.6946894516594,233.26526563732563,199.1245791245792,8,1
11450.064494949494,196.84602735930736,337.1931977164502,233.63871856421355,199.2929292929293,8,1
11474.04771043771,197.17494002886,337.691705981241,234.01217149110147,199.46127946127947,8,1
11498.030925925925,197.5038526984127,338.19021424603176,234.3856244179894,199.62962962962965,8,1
11522.014141414142,197.83276536796535,338.6887225108225,234.7590773448773,199.79797979797985,8,1
11545.997356902357,198.16356352525253,339.18607853310886,235.1346252581369,199.96632996633,8,1
11569.980572390572,198.4945318989899,339.6833305342312,235.51036230078563,200.1346801346801,8,1
11593.963787878787,198.82550027272728,340.1805825353535,235.88609934343432,200.3030303030303,8,1
11617.947003367002,199.15646864646465,340.6778345364758,236.26183638608305,200.47138047138048,8,1
11641.93021885522,199.48743702020204,341.1750865375982,236.6375734287317,200.63973063973063,8,1
11665.913434343434,199.8184053939394,341.6723385387205,237.0133104713805,200.8080808080808,8,1
11689.89664983165,200.15141762265512,342.1704232215007,237.38980449735448,200.97643097643095,8,1
11713.879865319865,200.48546955266957,342.66893148629146,237.7666835978836,201.14478114478115,8,1
11737.86308080808,200.819521482684,343.1674397510822,238.1435626984127,201.3131313131313,8,1
11761.846296296297,201.1535734126984,343.665948015873,238.5204417989418,201.48148148148147,8,1
11785.829511784512,201.48762534271285,344.1644562806638,238.8973208994709,201.64983164983164,8,1
11809.812727272729,201.82167727272727,344.66296454545454,239.2742,201.8181818181818,8,1
11833.795942760942,202.1571431986532,345.1614728102453,239.65390709235209,201.986531986532,8,1
11857.779158249155,202.4929082154882,345.65998107503606,240.03421236652235,202.15488215488216,8,1
11881.762373737374,202.82867323232324,346.1584893398269,240.41451764069265,202.32323232323236,8,1
11905.74558922559,203.16443824915825,346.65699760461763,240.7948229148629,202.4915824915825,8,1
11929.728804713804,203.5002032659933,347.1555058694084,241.1751281890332,202.65993265993268,8,1
11953.71202020202,203.83596828282828,347.65401413419914,241.55543346320343,202.82828282828285,8,1
11977.695235690237,204.174892664422,348.1528609023569,241.9375440886644,202.99663299663305,8,1
12001.678451178452,204.5138554433221,348.6517117845118,242.3196766554433,203.1649831649832,8,1
12025.661666666669,204.85281822222225,349.15056266666664,242.7018092222222,203.33333333333331,8,1
12049.644882154882,205.19178100112237,349.64941354882154,243.0839417890011,203.5016835016835,8,1
12073.628097643095,205.53074378002245,350.1482644309764,243.46607435578,203.6700336700337,8,1
12097.611313131312,205.86970655892256,350.6471153131313,243.8482069225589,203.8383838383838,8,1
12121.594528619527,206.21009365680612,351.1457148448773,244.23151245791243,204.006734006734,8,1
12145.577744107744,206.55099793410292,351.6442231096681,244.6152439057239,204.17508417508412,8,1
12169.56095959596,206.8919022113997,352.14273137445883,244.99897535353531,204.34343434343432,8,1
12193.544175084176,207.23280648869647,352.6412396392496,245.3827068013468,204.5117845117845,8,1
12217.52739057239,207.57371076599324,353.1397479040404,245.76643824915823,204.68013468013467,8,1
12241.510606060603,207.91461504329,353.6382561688312,246.15016969696967,204.84848484848484,8,1
12265.493821548822,208.25807810886644,354.1356385667789,246.53676698765432,205.01683501683505,8,1
12289.477037037035,208.60183753086417,354.63289056790126,246.9236961975309,205.1851851851852,8,1
12313.460252525252,208.94559695286196,355.1301425690236,247.3106254074074,205.35353535353536,8,1
12337.443468013467,209.2893563748597,355.6273945701459,247.69755461728397,205.52188552188557,8,1
12361.426683501682,209.63311579685745,356.1246465712682,248.08448382716048,205.69023569023568,8,1
12385.4098989899,209.9768752188552,356.6218985723906,248.47141303703705,205.85858585858583,8,1
12409.393114478116,210.32210065175565,357.1199568795094,248.85848884800387,206.02693602693603,8,1
12433.37632996633,210.66814418951415,357.61846514430016,249.2456464694565,206.1952861952862,8,1
12457.359545454545,211.0141877272727,358.1169734090909,249.63280409090908,206.36363636363637,8,1
12481.34276094276,211.36023126503125,358.6154816738816,250.0199617123617,206.5319865319865,8,1
12505.325976430977,211.7062748027898,359.11398993867243,250.40711933381436,206.7003367003367,8,1
12529.309191919192,212.05231834054837,359.6124982034632,250.79427695526692,206.8686868686869,8,1
12553.292407407407,212.39973990740745,360.11100646825395,251.18419063492064,207.03703703703704,8,1
12577.275622895622,212.7474965319865,360.6095147330447,251.57477443001443,207.2053872053872,8,1
12601.258838383836,213.0952531565657,361.10802299783546,251.96535822510825,207.37373737373736,8,1
12625.242053872054,213.4430097811448,361.6065312626263,252.35594202020204,207.54208754208756,8,1
12649.22526936027,213.7907664057239,362.105039527417,252.74652581529585,207.7104377104377,8,1
12673.208484848485,214.13852303030305,362.6035477922078,253.1371096103896,207.87878787878785,8,1
12697.1917003367,214.4885988249158,363.10238736700336,253.5287977721661,208.047138047138,8,1
12721.174915824917,214.83875377104377,363.6012382491583,253.92052362514028,208.2154882154882,8,1
12745.158131313132,215.18890871717173,364.1000891313132,254.3122494781145,208.3838383838384,8,1
12769.141346801349,215.5390636632997,364.59894001346805,254.70397533108863,208.5521885521885,8,1
12793.124562289562,215.8892186094276,365.0977908956229,255.09570118406285,208.7205387205387,8,1
12817.107777777775,216.23937355555557,365.5966417777778,255.48742703703704,208.88888888888889,8,1
12841.090993265992,216.59148175805677,366.095248502886,255.8795598184223,209.05723905723903,8,1
12865.074208754208,216.9443776430976,366.5937567676767,256.2718567003367,209.22558922558923,8,1
12889.057424242425,217.29727352813853,367.09226503246754,256.66415358225106,209.3939393939394,8,1
12913.04063973064,217.6501694131794,367.5907732972583,257.05645046416544,209.5622895622896,8,1
12937.023855218857,218.0030652982203,368.08928156204905,257.4487473460798,209.73063973063972,8,1
12961.00707070707,218.3559611832612,368.5877898268398,257.8410442279942,209.8989898989899,8,1
12984.990286195283,218.70365947362512,369.092195362514,258.2258445791245,210.06734006734007,8,1
13008.973501683502,219.050616657688,369.5974417687991,258.60957602693605,210.23569023569024,8,1
13032.956717171715,219.39757384175084,370.10268817508415,258.9933074747475,210.4040404040404,8,1
13056.939932659932,219.74453102581367,370.6079345813693,259.37703892255894,210.57239057239056,8,1
13080.923148148147,220.09148820987653,371.1131809876543,259.7607703703704,210.74074074074076,8,1
13104.906363636364,220.43844539393936,371.6184273939394,260.1445018181818,210.90909090909088,8,1
13128.88957912458,220.78270827320827,372.118426996152,260.5261061832612,211.07744107744105,8,1
13152.872794612796,221.12532563732563,372.61522217412215,260.9064114574315,211.2457912457912,8,1
13176.85601010101,221.467943001443,373.1120173520923,261.28671673160176,211.4141414141414,8,1
13200.839225589223,221.81056036556035,373.6088125300625,261.667022005772,211.5824915824916,8,1
13224.82244107744,222.1531777296777,374.1056077080327,262.04732727994224,211.75084175084172,8,1
13248.805656565655,222.4957950937951,374.6024028860029,262.42763255411256,211.91919191919197,8,1
13272.788872053872,222.839754520202,375.1005401262626,262.8092798905724,212.0875420875421,8,1
13296.772087542087,223.18408497113995,375.5990483910534,263.19129825156324,212.25589225589223,8,1
13320.755303030302,223.52841542207796,376.0975566558441,263.5733166125541,212.4242424242424,8,1
13344.738518518518,223.87274587301587,376.5960649206349,263.9553349735449,212.59259259259255,8,1
13368.721734006736,224.21707632395385,377.0945731854257,264.33735333453586,212.76094276094275,8,1
13392.70494949495,224.5614067748918,377.59308145021646,264.7193716955267,212.9292929292929,8,1
13416.688164983165,224.9082221200898,378.0919138316498,265.10301063973066,213.09764309764307,8,1
13440.67138047138,225.25517930415265,378.59076471380473,265.4867420875421,213.26599326599325,8,1
13464.654595959595,225.60213648821548,379.0896155959596,265.87047353535354,213.43434343434345,8,1
13488.637811447812,225.9490936722784,379.5884664781145,266.254204983165,213.6026936026936,8,1
13512.621026936027,226.2960508563412,380.08731736026937,266.6379364309764,213.77104377104376,8,1
13536.604242424242,226.64300804040403,380.58616824242426,267.02166787878787,213.93939393939397,8,1
13560.587457912456,226.99170295815296,381.0847821608946,267.4077689634439,214.1077441077441,8,1
13584.570673400673,227.34117266955263,381.5832904256854,267.79492658489653,214.27609427609428,8,1
13608.553888888888,227.6906423809524,382.08179869047615,268.18208420634915,214.44444444444443,8,1
13632.537104377105,228.0401120923521,382.58030695526696,268.5692418278018,214.61279461279463,8,1
13656.52031986532,228.3895818037518,383.0788152200577,268.95639944925443,214.7811447811448,8,1
13680.503535353537,228.73905151515152,383.5773234848485,269.34355707070705,214.94949494949492,8,1
13704.48675084175,229.08910656228957,384.07475863411895,269.7318853636363,215.11784511784512,8,1
13728.469966329963,229.43926150841747,384.57201063524127,270.1204134545454,215.2861952861953,8,1
13752.453181818182,229.78941645454543,385.0692626363637,270.50894154545455,215.45454545454547,8,1
13776.436397306396,230.1395714006734,385.566514637486,270.8974696363636,215.62289562289564,8,1
13800.419612794612,230.4897263468013,386.0637666386083,271.2859977272728,215.79124579124576,8,1
13824.402828282828,230.83988129292928,386.5610186397306,271.6745258181818,215.959595959596,8,1
13848.386043771045,231.19065278379023,387.05902419552666,272.06531457311206,216.12794612794613,8,1
13872.36925925926,231.54183558201055,387.5575324603175,272.45761145502644,216.2962962962963,8,1
13896.352474747477,231.89301838023087,388.0560407251082,272.8499083369408,216.46464646464648,8,1
13920.33569023569,232.2442011784512,388.554548989899,273.2422052188552,216.63299663299665,8,1
13944.318905723903,232.59538397667143,389.05305725468975,273.6345021007696,216.8013468013468,8,1
13968.30212121212,232.94656677489172,389.5515655194805,274.026798982684,216.969696969697,8,1
13992.285336700335,233.3003617640693,390.0500737842713,274.4190958645984,217.1380471380472,8,1
14016.268552188552,233.65497073593076,390.5485820490621,274.81139274651275,217.3063973063973,8,1
14040.251767676767,234.0095797077922,391.0470903138528,275.2036896284271,217.4747474747475,8,1
14064.234983164984,234.3641886796537,391.54559857864353,275.5959865103415,217.64309764309763,8,1
14088.218198653198,234.71879765151516,392.0441068434343,275.9882833922559,217.81144781144775,8,1
14112.201414141417,235.07340662337663,392.5426151082251,276.3805802741703,217.97979797979795,8,1
14136.18462962963,235.4298114938272,393.0414402962963,276.7753069012346,218.14814814814807,8,1
14160.167845117843,235.7863619640853,393.5402911784512,277.1702305162739,218.3164983164983,8,1
14184.15106060606,236.14291243434343,394.039142060606,277.56515413131314,218.48484848484847,8,1
14208.134276094275,236.4994629046016,394.5379929427609,277.9600777463524,218.65319865319864,8,1
14232.117491582492,236.8560133748597,395.0368438249158,278.3550013613917,218.8215488215488,8,1
14256.100707070707,237.21256384511787,395.5356947070707,278.749924976431,218.989898989899,8,1
14280.083922558922,237.57007619701923,396.03468750618936,279.1449116656764,219.1582491582492,8,1
14304.067138047138,237.92806095761537,396.53375000495146,279.5399293325411,219.3265993265993,8,1
14328.050353535353,238.28604571821157,397.0328125037136,279.93494699940584,219.49494949494948,8,1
14352.033569023568,238.64403047880768,397.5318750024757,280.32996466627054,219.66329966329965,8,1
14376.016784511785,239.00201523940387,398.0309375012379,280.7249823331353,219.83164983164983,8,1
14400.0,239.36,398.53,281.12,220.0,8,1
